Maximized_for_Method,Preprocessing_Method,LS_Mean,LS_Std,LS_Shapiro_Stat,LS_Shapiro_Pval,LS_Ttest_Stat,LS_Ttest_Pval,LDA_Mean,LDA_Std,LDA_Shapiro_Stat,LDA_Shapiro_Pval,LDA_Ttest_Stat,LDA_Ttest_Pval,SVM_Mean,SVM_Std,SVM_Shapiro_Stat,SVM_Shapiro_Pval,SVM_Ttest_Stat,SVM_Ttest_Pval,Num_Subjects
RPCA_S,CAR,56.904761904761905,14.397381029161735,0.9686230830152109,0.4065555581713302,,,54.52380952380953,15.979011176726207,0.9791525258531085,0.7313873096412256,,,69.16666666666667,17.683280597740136,0.9689553247874125,0.41519819790682566,,,35
RPCA_S,RPCA_L,50.95238095238095,20.72796483201131,0.9603288148879641,0.2339104799864841,1.6154762722250673,0.11545062819869403,51.19047619047619,21.165715871301664,0.960052894978731,0.22949914798640952,0.8502087822555405,0.40115674697261694,58.690476190476204,24.486217142138813,0.9548120085176587,0.15918165154513855,2.320758121564202,0.026431755455485095,35
RPCA_S,RPCA_S,62.50000000000002,14.36486012285558,0.9458304841861045,0.08437172017159604,-2.035571345016184,0.049646703391611084,25.0,0.0,1.0,1.0,10.773627428000802,1.6727057451144902e-12,80.95238095238096,17.028387662798785,0.8582366436536286,0.0003565976055058883,-4.824964770402936,2.893236833612365e-05,35
RPCA_S,CAR_RPCA_L,50.95238095238095,20.72796483201131,0.9603288148879641,0.2339104799864841,1.6154762722250673,0.11545062819869403,51.19047619047619,21.165715871301664,0.960052894978731,0.22949914798640952,0.8502087822555405,0.40115674697261694,58.690476190476204,24.486217142138813,0.9548120085176587,0.15918165154513855,2.320758121564202,0.026431755455485095,35
RPCA_S,CAR_RPCA_S,62.50000000000002,14.36486012285558,0.9458304841861045,0.08437172017159604,-2.035571345016184,0.049646703391611084,25.0,0.0,1.0,1.0,10.773627428000802,1.6727057451144902e-12,80.95238095238096,17.028387662798785,0.8582366436536286,0.0003565976055058883,-4.824964770402936,2.893236833612365e-05,35
