Maximized_for_Method,Preprocessing_Method,LS_Mean,LS_Std,LS_Shapiro_Stat,LS_Shapiro_Pval,LS_Ttest_Stat,LS_Ttest_Pval,LDA_Mean,LDA_Std,LDA_Shapiro_Stat,LDA_Shapiro_Pval,LDA_Ttest_Stat,LDA_Ttest_Pval,SVM_Mean,SVM_Std,SVM_Shapiro_Stat,SVM_Shapiro_Pval,SVM_Ttest_Stat,SVM_Ttest_Pval,Num_Subjects
RPCA_L,CAR,84.21052631578947,9.895187870770595,0.8888511113257312,0.03071534035065315,,,83.7719298245614,10.106770720879748,0.8949436567163194,0.0394463424790383,,,92.10526315789474,7.753363828799865,0.8237159226249231,0.0025803723063061675,,,19
RPCA_L,RPCA_L,70.39473684210526,19.770925736113416,0.9038252011408969,0.057085002169407484,3.2586206896551735,0.004361765957066574,68.2017543859649,20.644341290811067,0.926602207835054,0.1499054088576721,3.805999498674171,0.0012939741424920252,88.1578947368421,10.752325150992338,0.8451426208311603,0.005598022975600173,1.8172446879673745,0.08586679706913855,19
RPCA_L,RPCA_S,70.6140350877193,13.550431320855619,0.8614523382032093,0.010361964831870768,4.336147358317459,0.0003979099911496879,69.73684210526315,14.168092372993943,0.893799174247427,0.037627152125146626,4.663547208549698,0.00019329755290596032,89.91228070175438,9.777849477898224,0.8257760702709741,0.0027752904692519365,1.2288478807785603,0.2349528418361488,19
RPCA_L,CAR_RPCA_L,73.46491228070175,22.62919884125339,0.8382036919083611,0.004337972305782734,2.0862084893478863,0.051460499014933686,71.71052631578947,22.400647580007444,0.8750913201254933,0.017653619476244026,2.6840802611644428,0.015155103851162107,85.52631578947366,17.850931074533968,0.7192171130963634,9.50498649616975e-05,2.2896983309165293,0.03433608827366761,19
RPCA_L,CAR_RPCA_S,69.2982456140351,16.06425137878284,0.8924697376105883,0.0356235082454681,3.9093661368087385,0.0010277407674943759,68.2017543859649,15.661027255576426,0.901267479262592,0.051292837451218765,4.9655881038796705,0.00010002561994876609,89.25438596491227,9.100216632125626,0.8740949169479503,0.01697030475971793,1.6892775191144187,0.10841270553547523,19
