Maximized_for_Method,Preprocessing_Method,LS_Mean,LS_Std,LS_Shapiro_Stat,LS_Shapiro_Pval,LS_Ttest_Stat,LS_Ttest_Pval,LDA_Mean,LDA_Std,LDA_Shapiro_Stat,LDA_Shapiro_Pval,LDA_Ttest_Stat,LDA_Ttest_Pval,SVM_Mean,SVM_Std,SVM_Shapiro_Stat,SVM_Shapiro_Pval,SVM_Ttest_Stat,SVM_Ttest_Pval,Num_Subjects
RPCA_S,CAR,84.21052631578947,9.895187870770595,0.8888511113257312,0.03071534035065315,,,83.7719298245614,10.106770720879748,0.8949436567163194,0.0394463424790383,,,92.10526315789474,7.753363828799865,0.8237159226249231,0.0025803723063061675,,,19
RPCA_S,RPCA_L,64.91228070175438,20.693203705413065,0.9342470989945726,0.20727652228890475,4.642307659791976,0.00020252122170578212,62.5,20.232565955562798,0.9451126363013019,0.3252370595854393,5.399081964419488,3.946582832697883e-05,77.19298245614034,19.13557838453814,0.8584174445943931,0.00922400520534565,4.147746764747449,0.000604494795755052,19
RPCA_S,RPCA_S,72.14912280701753,13.921552849213931,0.9033837604093935,0.05603889552008044,4.735595517924905,0.00016507043621378072,72.14912280701755,11.151914153588702,0.9768068892769868,0.8992349680000762,4.252492326521526,0.000479005942387059,96.9298245614035,4.451268230303605,0.7154138841289361,8.534913873664184e-05,-2.7523902655533874,0.013105328917897665,19
RPCA_S,CAR_RPCA_L,64.2543859649123,25.553656907536876,0.9066010551602263,0.06414292231733403,3.8724378171750313,0.0011158948033713754,64.25438596491229,24.86497856676906,0.8636385158898794,0.011273371283446123,3.7839047726362236,0.0013592785781806472,77.41228070175438,22.38991055807056,0.8642594273802892,0.01154743308356644,3.4430732668833466,0.0029009614382744277,19
RPCA_S,CAR_RPCA_S,72.80701754385966,14.70770406763791,0.8261778795377106,0.00281510174092502,4.28241879971902,0.0004482356351597995,70.83333333333333,15.174424466672098,0.7903294786345425,0.0008298472314193741,4.168457740393235,0.0005772947014452989,92.76315789473685,7.003824308189173,0.8608586282643587,0.010128166570429071,-0.34287269299175765,0.7356659021933929,19
