Maximized_for_Method,Preprocessing_Method,LS_Mean,LS_Std,LS_Shapiro_Stat,LS_Shapiro_Pval,LS_Ttest_Stat,LS_Ttest_Pval,LDA_Mean,LDA_Std,LDA_Shapiro_Stat,LDA_Shapiro_Pval,LDA_Ttest_Stat,LDA_Ttest_Pval,SVM_Mean,SVM_Std,SVM_Shapiro_Stat,SVM_Shapiro_Pval,SVM_Ttest_Stat,SVM_Ttest_Pval,Num_Subjects
CAR_RPCA_L,CAR,84.21052631578947,9.895187870770595,0.8888511113257312,0.03071534035065315,,,83.7719298245614,10.106770720879748,0.8949436567163194,0.0394463424790383,,,92.10526315789474,7.753363828799865,0.8237159226249231,0.0025803723063061675,,,19
CAR_RPCA_L,RPCA_L,72.58771929824562,14.45373425726674,0.9025629743186102,0.05414629298940956,3.7910909597569207,0.001337685362491225,72.36842105263158,13.328571402651532,0.961501557025804,0.6022963180506504,4.44446248192588,0.0003131262649203714,83.33333333333334,12.389865694583802,0.8991578489235157,0.04697570179401466,4.358596273752888,0.00037861116740406814,19
CAR_RPCA_L,RPCA_S,73.02631578947367,11.420365409027665,0.9003588138886198,0.04938489401477328,4.02492235949962,0.0007944876741378365,72.5877192982456,12.190300096216925,0.9188422665912598,0.1077264416152699,3.8749702558398242,0.0011096148095682656,91.44736842105263,8.051561294160447,0.851933148404466,0.007213533346465573,0.29417420270727573,0.7719902005661945,19
CAR_RPCA_L,CAR_RPCA_L,79.16666666666666,12.609172378478114,0.9098390017095066,0.07352578520655065,2.0338149197296764,0.056980617998164146,79.16666666666666,11.86239327745484,0.9162906885882833,0.0966482003347429,2.3174924622497857,0.032456965933077,94.07894736842105,6.5275772219900094,0.8141174234150514,0.0018461418564786098,-2.2819164877669946,0.034879991379496524,19
CAR_RPCA_L,CAR_RPCA_S,76.31578947368422,13.656489014859883,0.8905706587147454,0.03295283309506452,2.3015218280076426,0.0335247180536166,74.99999999999999,15.765088382115286,0.8470629909199789,0.006011733424806061,2.3791547571544327,0.02862407386400104,90.35087719298247,8.76644565408188,0.8419218440179749,0.004970601802193909,0.8270946201546925,0.4190135929456361,19
