Maximized_for_Method,Preprocessing_Method,LS_Mean,LS_Std,LS_Shapiro_Stat,LS_Shapiro_Pval,LS_Ttest_Stat,LS_Ttest_Pval,LDA_Mean,LDA_Std,LDA_Shapiro_Stat,LDA_Shapiro_Pval,LDA_Ttest_Stat,LDA_Ttest_Pval,SVM_Mean,SVM_Std,SVM_Shapiro_Stat,SVM_Shapiro_Pval,SVM_Ttest_Stat,SVM_Ttest_Pval,Num_Subjects
CAR_RPCA_S,CAR,84.21052631578947,9.895187870770595,0.8888511113257312,0.03071534035065315,,,83.7719298245614,10.106770720879748,0.8949436567163194,0.0394463424790383,,,92.10526315789474,7.753363828799865,0.8237159226249231,0.0025803723063061675,,,19
CAR_RPCA_S,RPCA_L,66.66666666666666,18.08645578992567,0.9502078555742043,0.39843155268465014,4.442921070125677,0.0003141943398994234,64.91228070175438,16.296087897508155,0.9621207970341937,0.6148057582022842,5.739004287571665,1.9317593704763844e-05,74.3421052631579,18.93853351524922,0.8790783520120229,0.020692292440951766,4.2776652025086825,0.0004529865795922234,19
CAR_RPCA_S,RPCA_S,79.60526315789474,9.644137468112293,0.9459046672555381,0.3358166723265865,2.1815115873529978,0.04264902066199209,77.41228070175438,11.416153583175763,0.973813539164172,0.8492869198975181,3.5081785976729756,0.002510713479145615,92.98245614035089,7.286512160454452,0.8293188679397913,0.0031480690609669024,-0.4551859450865288,0.6544180363483953,19
CAR_RPCA_S,CAR_RPCA_L,67.54385964912281,19.476845009802208,0.8822866495292485,0.023536500549261367,4.122352340578832,0.000639613592481221,67.10526315789474,19.160693998949803,0.8946482238575212,0.038968118074053266,4.2851389834382925,0.00044553963069645313,79.82456140350877,19.034784539585726,0.8237445978120824,0.0025829830583644574,2.9012991115096636,0.009518648700745449,19
CAR_RPCA_S,CAR_RPCA_S,75.87719298245614,13.14692525203672,0.9104848853194863,0.07556040107712449,4.697288167552877,0.0001795138514984086,75.0,13.983595234148998,0.9453019717969914,0.32773984169134807,4.020151261036848,0.0008029734020395809,97.80701754385966,3.132205451115286,0.6840910839731185,3.615014345418159e-05,-3.5639109666026414,0.002218273490023055,19
