Least Squares,LDA,SVM
"[[0.4166666666666667, 0.5416666666666666, 0.3333333333333333, 0.6666666666666666, 0.5416666666666666]]","[[0.375, 0.5, 0.25, 0.6666666666666666, 0.25]]","[[0.5416666666666666, 0.7916666666666666, 0.625, 0.7916666666666666, 0.6666666666666666]]"
"[[0.4166666666666667, 0.4166666666666667, 0.5, 0.4166666666666667, 0.5]]","[[0.375, 0.4166666666666667, 0.25, 0.4166666666666667, 0.25]]","[[0.5416666666666666, 0.3333333333333333, 0.7916666666666666, 0.3333333333333333, 0.7916666666666666]]"
"[[0.4166666666666667, 0.6666666666666666, 0.5416666666666666, 0.6666666666666666, 0.5416666666666666]]","[[0.375, 0.6666666666666666, 0.25, 0.6666666666666666, 0.25]]","[[0.5416666666666666, 0.7916666666666666, 0.6666666666666666, 0.7916666666666666, 0.6666666666666666]]"
"[[0.4166666666666667, 0.4166666666666667, 0.5, 0.4166666666666667, 0.5]]","[[0.375, 0.4166666666666667, 0.25, 0.4166666666666667, 0.25]]","[[0.5416666666666666, 0.3333333333333333, 0.7916666666666666, 0.3333333333333333, 0.7916666666666666]]"
