Maximized_for_Method,Preprocessing_Method,LS_Mean,LS_Std,LS_Shapiro_Stat,LS_Shapiro_Pval,LS_Ttest_Stat,LS_Ttest_Pval,LDA_Mean,LDA_Std,LDA_Shapiro_Stat,LDA_Shapiro_Pval,LDA_Ttest_Stat,LDA_Ttest_Pval,SVM_Mean,SVM_Std,SVM_Shapiro_Stat,SVM_Shapiro_Pval,SVM_Ttest_Stat,SVM_Ttest_Pval,Num_Subjects
CAR_RPCA_S,CAR,52.864583333333336,16.90703941471816,0.9420835394509653,0.375323752758656,,,50.260416666666664,18.070364853469343,0.9689642772914853,0.8215640833067989,,,58.59375,15.761125782681262,0.9434008080504922,0.3927768316239824,,,16
CAR_RPCA_S,RPCA_L,47.135416666666664,14.562391958349805,0.9473334130781002,0.448657306279474,1.1838684055013893,0.2548871563708718,47.13541666666667,13.152975311639988,0.973261323690491,0.8882633117110253,0.5937006128972493,0.561559361466099,54.947916666666664,14.966596922396889,0.9777103266812078,0.9428103008979395,0.8315283053941607,0.41871615150862795,16
CAR_RPCA_S,RPCA_S,57.552083333333336,14.820888828262701,0.9322904685793498,0.2649746742909504,-0.9113096642577179,0.376545328635534,25.0,0.0,1.0,1.0,5.414012050203692,7.176429451740512e-05,70.31249999999999,18.154609435347265,0.8696400356918048,0.026852970630786607,-2.7868541167532315,0.01382135825541772,16
CAR_RPCA_S,CAR_RPCA_L,47.135416666666664,14.562391958349805,0.9473334130781002,0.448657306279474,1.1838684055013893,0.2548871563708718,47.13541666666667,13.152975311639988,0.973261323690491,0.8882633117110253,0.5937006128972493,0.561559361466099,54.947916666666664,14.966596922396889,0.9777103266812078,0.9428103008979395,0.8315283053941607,0.41871615150862795,16
CAR_RPCA_S,CAR_RPCA_S,57.552083333333336,14.820888828262701,0.9322904685793498,0.2649746742909504,-0.9113096642577179,0.376545328635534,25.0,0.0,1.0,1.0,5.414012050203692,7.176429451740512e-05,70.31249999999999,18.154609435347265,0.8696400356918048,0.026852970630786607,-2.7868541167532315,0.01382135825541772,16
