Maximized_for_Method,Preprocessing_Method,LS_Mean,LS_Std,LS_Shapiro_Stat,LS_Shapiro_Pval,LS_Ttest_Stat,LS_Ttest_Pval,LDA_Mean,LDA_Std,LDA_Shapiro_Stat,LDA_Shapiro_Pval,LDA_Ttest_Stat,LDA_Ttest_Pval,SVM_Mean,SVM_Std,SVM_Shapiro_Stat,SVM_Shapiro_Pval,SVM_Ttest_Stat,SVM_Ttest_Pval,Num_Subjects
CAR_RPCA_L,CAR,52.864583333333336,16.90703941471816,0.9420835394509653,0.375323752758656,,,50.260416666666664,18.070364853469343,0.9689642772914853,0.8215640833067989,,,58.59375,15.761125782681262,0.9434008080504922,0.3927768316239824,,,16
CAR_RPCA_L,RPCA_L,58.072916666666664,15.271611366037238,0.9681057243845573,0.8070681329041252,-1.22720173418454,0.23865966045423614,57.03125,17.098491115811946,0.9344799523732088,0.28678732590304157,-1.2918440667604687,0.2159615234455801,71.09375,19.62477607356324,0.8842607699130006,0.04523531560713383,-2.7578313586615306,0.014653476449354995,16
CAR_RPCA_L,RPCA_S,52.34375,16.135329244437155,0.9625810423355358,0.7087863373287535,0.08127127300011654,0.9363007142117035,25.0,0.0,1.0,1.0,5.414012050203692,7.176429451740512e-05,58.59375,21.26984112524246,0.9441192177171558,0.4025637805295547,1.0675806318239373e-16,0.9999999999999999,16
CAR_RPCA_L,CAR_RPCA_L,58.072916666666664,15.271611366037238,0.9681057243845573,0.8070681329041252,-1.22720173418454,0.23865966045423614,57.03125,17.098491115811946,0.9344799523732088,0.28678732590304157,-1.2918440667604687,0.2159615234455801,71.09375,19.62477607356324,0.8842607699130006,0.04523531560713383,-2.7578313586615306,0.014653476449354995,16
CAR_RPCA_L,CAR_RPCA_S,52.34375,16.135329244437155,0.9625810423355358,0.7087863373287535,0.08127127300011654,0.9363007142117035,25.0,0.0,1.0,1.0,5.414012050203692,7.176429451740512e-05,58.59375,21.26984112524246,0.9441192177171558,0.4025637805295547,1.0675806318239373e-16,0.9999999999999999,16
